{"cameraMode":{"drawMode":0,"name":"Shaded","section":"Shading Mode"},"sceneLighting":false,"audioPlay":false,"sceneViewState":{"m_AlwaysRefresh":false,"showFog":false,"showSkybox":false,"showFlares":false,"showImageEffects":false,"showParticleSystems":false,"showVisualEffectGraphs":true,"m_FxEnabled":true},"in2DMode":false,"pivot":{"x":0.00008666515350341797,"y":0.9157183170318604,"z":-0.003240227699279785},"rotation":{"x":-0.06377168744802475,"y":0.904043436050415,"z":-0.14525385200977326,"w":-0.39690783619880679},"size":1.3199399709701539,"orthographic":false}